{"cameraMode":{"drawMode":0,"name":"Shaded","section":"Shading Mode"},"sceneLighting":true,"audioPlay":false,"sceneViewState":{"showFog":true,"showMaterialUpdate":false,"showSkybox":true,"showFlares":true,"showImageEffects":true,"showParticleSystems":true},"in2DMode":false,"pivot":{"x":-35.787841796875,"y":-0.9657672047615051,"z":-65.76802062988281},"rotation":{"x":0.2238377332687378,"y":-0.7138505578041077,"z":0.26211169362068179,"w":0.6096084117889404},"size":21.17338752746582,"orthographic":false}